{
    "startingMondayMonth":  "5",
    "startingMondayDay":    "29",
    "endingFridayMonth":    "7",
    "endingFridayDay":      "21",
    "holidays": [
        { "month": "5",     "day": "29",     "title": "MEMORIAL DAY<br /><img width='150' src='./images/USAFlag.GIF' />", "link": "http://www.usmemorialday.org" },
        { "month": "7",   "day": "4",     "title": "INDEPENDENCE DAY<br /><img width='150' src='./images/USAFlag.GIF' />",                 "link": "http://www.history.com/topics/holidays/july-4th" }
    ],
    "lectures":[
        { "month": "5",     "day": "30",    "title": "Lecture 1",       "topic": "Software<br />Development<br />Lifecycle<br /><br /><br />",      "link": "https://blackboard.stonybrook.edu/bbcswebdav/pid-4118832-dt-content-rid-27558369_1/xid-27558369_1"},
        { "month": "5",     "day": "30",    "title": "Lecture 2",       "topic": "Graphical<br />User<br />Interfaces<br /><br /><br /><br />",           "link": "https://blackboard.stonybrook.edu/bbcswebdav/pid-4118833-dt-content-rid-27558370_1/xid-27558370_1" },
        { "month": "6",     "day": "1",    "title": "Lecture 3",       "topic": "Graphical<br />User<br />Interfaces<br />(continued)<br /><br />",                        "link": "none" },
        { "month": "6",     "day": "1",     "title": "Lecture 4",       "topic": "Event<br />Programming<br /><br />",       "link": "https://blackboard.stonybrook.edu/bbcswebdav/pid-4120790-dt-content-rid-27563997_1/xid-27563997_1" },
        { "month": "6",     "day": "6",    "title": "Lecture 5",       "topic": "Web Technologies<br />(<a href='https://prezi.com/u4mjgyps1oaz/html-5/'>HTML5</a>, <a href='https://prezi.com/huucwnpr9gft/css-css3/'>CSS3</a>, <a href='https://prezi.com/4k-6n0ekkae8/javascript/'>JavaScript</a>, <a href='http://prezi.com/4bm3oqfw6q1w/intro-to-jquery/'>jQuery</a>,<br />&amp; <a href='http://prezi.com/m39dksf3oql9/the-dom/'>The DOM</a>)<br /><br />",                    "link": "none" },
        { "month": "6",     "day": "8",     "title": "Lecture 6",       "topic": "Graphics<br />&amp; GUIs<br /><br />", "link":"none" },
        { "month": "6",     "day": "8",    "title": "Lecture 7",       "topic": "Threads<br />&amp; Timers<br /><br />",                                         "link": "none" },
        { "month": "6",     "day": "13",    "title": "Lecture 8",      "topic": "Threads<br />&amp; Timers<br />(continued)<br /><br />",                        "link": "none" },
        { "month": "6",    "day": "13",     "title": "Lecture 9",      "topic": "Multithreading<br />Issues<br /><br />", "link": "none" },
        { "month": "6",    "day": "15",      "title": "Lecture 10",      "topic": "OO Design<br />using UML<br /><br /><br />",                      "link": "none" },
        { "month": "6",    "day": "15",      "title": "Lecture 11",      "topic": "OOP++<br /><br /><br />",           "link": "none" },
        { "month": "6",    "day": "20",      "title": "Lecture 12",      "topic": "OOP++<br />(continued)<br /><br />",           "link": "none" },
        { "month": "6",    "day": "20",     "title": "Lecture 13",    "topic": "Midterm Review<br /><br /><br /><br />",                               "link": "none" },
        { "month": "6",    "day": "22",     "title": "MIDTERM EXAM",      "topic": "(Lectures 1-13)<br /><br /><br />", "link": "none" },
        { "month": "6",    "day": "22",     "title": "Lecture 14",      "topic": "Properties of<br />High Quality<br />Software<br /><br />",                  "link": "none" },
        { "month": "6",    "day": "27",     "title": "Lecture 15",      "topic": "Design<br />Review<br /><br /><br />",                "link": "none" },
        { "month": "6",    "day": "27",      "title": "Lecture 16",      "topic": "Test-Driven<br />Development<br /><br />",                                             "link": "none" },
        { "month": "6",    "day": "29",      "title": "Lecture 17",      "topic": "Test-Driven<br />Development<br />(continued)<br /><br />",                                             "link": "none" },
        { "month": "6",    "day": "29",     "title": "Lecture 18",      "topic": "Designing<br />with Exceptions<br /><br />",                                             "link": "none" },
        { "month": "7",    "day": "6",     "title": "Lecture 19",      "topic": "Designing<br />with Exceptions<br />(continued)<br /><br />",                           "link": "none" },
        { "month": "7",    "day": "6",     "title": "Lecture 20",      "topic": "Code<br />Profiling<br /><br />",          "link": "none" },
        { "month": "7",    "day": "7",     "title": "Lecture 21",  "topic": "Creational<br />Design Patterns<br /><br /><br />",             "link": "none" },
        { "month": "7",    "day": "7",     "title": "Lecture 22",      "topic": "Structural<br />Design Patterns<br /><br /><br />",               "link": "none" },
        { "month": "7",    "day": "11",      "title": "Lecture 23",      "topic": "Behavioral<br />Design Patterns<br /><br />",               "link": "none" },
        { "month": "7",    "day": "13",      "title": "Lecture 24",      "topic": "Final Exam<br />Review<br /><br />",                     "link": "none" },
        { "month": "7",    "day": "18",      "title": "FINAL EXAM",      "topic": "in Javits 101<br />10am<br /><br /><br />",               "link": "none" },
        { "month": "7",    "day": "20",      "title": "NO LECTURE",      "topic": "<br />",               "link": "none" }
    ],
    "references": [
        { "month": "6",     "day": "1",    "title": "Reference",   "topic": "JavaFX Examples", "link": "https://blackboard.stonybrook.edu/bbcswebdav/pid-4120791-dt-content-rid-27563998_1/xid-27563998_1" },
        { "month": "6",     "day": "6",    "title": "Reference",   "topic": "HTML5", "link": "http://www.w3schools.com/html/html5_intro.asp" },
        { "month": "6",     "day": "6",    "title": "Reference",   "topic": "CSS3", "link": "http://www.w3schools.com/css3/default.asp" },
        { "month": "6",     "day": "6",    "title": "Reference",   "topic": "JavaScript", "link": "http://www.w3schools.com/js/default.asp" },
        { "month": "6",     "day": "6",    "title": "Reference",   "topic": "The DOM", "link": "http://www.w3schools.com/htmldom/default.asp" },
        { "month": "6",     "day": "6",    "title": "Reference",   "topic": "jQuery", "link": "http://www.w3schools.com/jquery/default.asp" },
        { "month": "6",     "day": "8",    "title": "Reference",   "topic": "jTPS Framework<br /><br /><br /><br /><br /><br /><br /><br />", "link": "./hw/jTPS.zip" }    ],
    "recitations":[
        { "month": "5",     "day": "30",    "title": "Recitation 1",    "topic": "NetBeans &amp;<br />Version Control<br /><br /><br />"  },
        { "month": "6",     "day": "1",    "title": "Recitation 2",    "topic": "Debugging<br /><br />" },
        { "month": "6",     "day": "6",    "title": "Recitation 3",    "topic": "HTML/CSS<br /><br /><br />" },
        { "month": "6",    "day": "8",     "title": "Recitation 4",    "topic": "Canvas<br /><br />" },
        { "month": "6",    "day": "13",    "title": "Recitation 5",    "topic": "Multithreading<br /><br /><br />" },
        { "month": "6",    "day": "15",    "title": "Recitation 6",    "topic": "UML<br /><br />" },
        { "month": "6",    "day": "20",    "title": "NO RECITATION",   "topic": "<br /><br />" },
        { "month": "6",    "day": "22",    "title": "Recitation 7",    "topic": "Mockups<br /><br /><br /><br />" },
        { "month": "6",    "day": "27",    "title": "Recitation 8",    "topic": "Language<br />Independence<br /><br /><br />" },
        { "month": "6",    "day": "29",     "title": "Recitation 9",    "topic": "Unit Testing<br /><br />" },
        { "month": "7",    "day": "6",    "title": "Recitation 10",   "topic": "Sparky/Javadoc<br /><br /><br />" },
        { "month": "7",    "day": "11",    "title": "Recitation 11",   "topic": "Profiling<br /><br /><br />" },
        { "month": "7",    "day": "13",    "title": "NO RECITATION",   "topic": "<br /><br />" },
        { "month": "7",    "day": "18",    "title": "NO RECITATION",   "topic": "<br /><br />" }
    ],
    "hws": [
        { "month": "6", "day": "12",    "title": "HW 1",    "topic": "due @ 11:59pm<br />(GUIs)<br />",               "link": "./hw/HW1.html",     "time": "11:59pm",  "criteria": "none"  },
        { "month": "6", "day": "19",    "title": "HW 2",    "topic": "due @ 11:59pm<br />(TPS)<br />",            "link": "none",     "time": "11:59pm",  "criteria": "none"  },
        { "month": "6", "day": "26",    "title": "HW 3",    "topic": "due @ 11:59pm<br />(UML)",            "link": "none",     "time": "11:59pm",  "criteria": "none"  },
        { "month": "7", "day": "3",    "title": "HW 4",    "topic": "due @ 11:59pm<br />(UI Layout)",      "link": "none",     "time": "11:59pm",  "criteria": "none"  },
        { "month": "7", "day": "10",    "title": "HW 5",    "topic": "due @ 11:59pm<br />(File Management)",      "link": "none",     "time": "11:59pm",  "criteria": "none"  },
        { "month": "7", "day": "20",     "title": "HW 6",    "topic": "due @ 11:59pm<br />(Completed App)",  "link": "none",     "time": "11:59pm",  "criteria": "none" }
    ]
}
