
{
    "startHour":"11",
    "endHour":"17",
    "undergrad_tas":[

    ],
    "officeHours":[
        {
            "day":"TUESDAY",
            "time":"2_30pm",
            "name":"Richard McKenna"
        },
        {
            "day":"TUESDAY",
            "time":"3_00pm",
            "name":"Richard McKenna"
        },
        {
            "day":"THURSDAY",
            "time":"2_30pm",
            "name":"Richard McKenna"
        },
        {
            "day":"THURSDAY",
            "time":"3_00pm",
            "name":"Richard McKenna"
        }
    ]
}