<?xml version="1.0" encoding="UTF-8"?>
<!--
    This XML file allows us to easily customize the look and language used
    in our program's user interface. Note that this properties file is only
    for the standard controls for an app from the Desktop Java Framework, so
    it would not include things initialized for the workspace, which is
    customizable.
-->
<properties>
    <property_list>
        <property name="APP_TITLE"	    value="Créateur de diaporamas"></property>
	<property name="APP_LOGO"	    value="SlideshowCreatorLogo.png"></property>
	<property name="APP_PATH_CSS"	    value="style/"></property>
	<property name="APP_CSS"	    value="sc_style.css"></property>
        <property name="APP_PATH_WORK"      value="work/"></property>
        
        <!-- PROGRAM ICON FILES -->
        <property name="NEW_ICON"	    value="New.png"></property>
        <property name="LOAD_ICON"	    value="Load.png"></property>
        <property name="SAVE_ICON"	    value="Save.png"></property>
        <property name="EXIT_ICON"          value="Exit.png"></property> 
        
        <!-- TOOLTIPS FOR BUTTONS -->
        <property name="NEW_TOOLTIP"		value="Créer un nouveau diaporama"></property>
        <property name="LOAD_TOOLTIP"		value="Charger un diaporama existant"></property>
        <property name="SAVE_TOOLTIP"		value="Enregistrer le diaporama actuel"></property>
        <property name="EXIT_TOOLTIP"		value="Quitter la demande"></property>
        
        <!-- ERROR MESSAGES -->
        <property name="CLOSE_BUTTON_TEXT"              value="Fermer"></property>

        <property name="NEW_ERROR_MESSAGE"              value="Une erreur s'est produite lors de la création de nouveaux travaux.
"></property>
        <property name="NEW_ERROR_TITLE"		value="Nouvelle erreur de travail"></property>
        <property name="LOAD_ERROR_MESSAGE"             value="Une erreur s'est produite lors du chargement des travaux."></property>
        <property name="LOAD_ERROR_TITLE"		value="Erreur de chargement des travaux"></property>
        <property name="SAVE_ERROR_MESSAGE"             value="Une erreur s'est produite lors de l'enregistrement du travail."></property>
        <property name="SAVE_ERROR_TITLE"		value="Enregistrer l'erreur de travail"></property>
        <property name="PROPERTIES_LOAD_ERROR_MESSAGE"	value="Une erreur s'est produite lors du chargement d'un fichier de propriétés."></property>	
        <property name="PROPERTIES_LOAD_ERROR_TITLE"	value="Erreur de chargement du fichier de propriétés"></property>
	
        <!-- VERIFICATION MESSAGES -->
	
        <property name="NEW_COMPLETED_MESSAGE"		value="Nouveau travail prêt à être modifié"></property>
        <property name="NEW_COMPLETED_TITLE"		value="Nouveau travail créé"></property>
        <property name="LOAD_COMPLETED_MESSAGE"		value="Chargement du fichier Terminé et prêt à être édité"></property>
        <property name="LOAD_COMPLETED_TITLE"		value="Chargement terminé"></property>
        <property name="SAVE_COMPLETED_MESSAGE"		value="Enregistrement de fichier terminé"></property>
        <property name="SAVE_COMPLETED_TITLE"		value="Enregistrement terminé"></property>
        <property name="SAVE_UNSAVED_WORK_MESSAGE"	value="Voulez-vous enregistrer vos travaux non enregistrés d'abord?"></property>
        <property name="SAVE_UNSAVED_WORK_TITLE"	value="Enregistrer les travaux non enregistrés?"></property>
	
        <property name="NEW_CREATED_MESSAGE"		value="Nouveau travail créé mais pas encore enregistré"></property>
        <property name="WORK_LOADED_MESSAGE"		value="Le travail a été chargé"></property>
        <property name="WORK_SAVED_MESSAGE"		value="Le travail a été sauvegardé"></property>
        <property name="SAVE_UNSAVED_WORK_MESSAGE"	value="Voulez-vous enregistrer votre travail non enregistré avant?"></property>
	<property name="SAVE_WORK_TITLE"		value="Économisez votre travail"></property>
	<property name="LOAD_WORK_TITLE"		value="Sélectionnez le fichier à charger"></property>
	<property name="WORK_FILE_EXT"			value="json"></property>
	<property name="WORK_FILE_EXT_DESC"		value="Slideshow"></property>

        <!-- WORKSPACE CONTROLS STUFF -->        
	<property name="SLIDES_HEADER_TEXT"		value="Diapositives de diapositives"></property>
	<property name="ADD_ALL_IMAGES_BUTTON_TEXT"	value="+/"></property>
	<property name="ADD_IMAGE_BUTTON_TEXT"		value="+"></property>
	<property name="REMOVE_IMAGE_BUTTON_TEXT"	value="-"></property>
	<property name="FILE_NAME_COLUMN_TEXT"		value="Nom de fichier"></property>
	<property name="CAPTION_COLUMN_TEXT"		value="Légende"></property>
	<property name="ORIGINAL_WIDTH_COLUMN_TEXT"	value="Orig. Largeur"></property>
	<property name="ORIGINAL_HEIGHT_COLUMN_TEXT"	value="Orig. Hauteur"></property>
	<property name="CURRENT_WIDTH_COLUMN_TEXT"	value="Current Largeur"></property>
	<property name="CURRENT_HEIGHT_COLUMN_TEXT"	value="Current Hauteur"></property>
	<property name="FILE_NAME_PROMPT_TEXT"		value="Nom de fichier:"></property>
	<property name="PATH_PROMPT_TEXT"		value="Chemin:"></property>
	<property name="CAPTION_PROMPT_TEXT"		value="Légende:"></property>
	<property name="ORIGINAL_WIDTH_PROMPT_TEXT"	value="Original Image Largeur:"></property>
	<property name="ORIGINAL_HEIGHT_PROMPT_TEXT"	value="Original Image Hauteur:"></property>
	<property name="CURRENT_WIDTH_PROMPT_TEXT"	value="Current Largeur:"></property>
	<property name="CURRENT_HEIGHT_PROMPT_TEXT"	value="Current Hauteur:"></property>
	<property name="UPDATE_BUTTON_TEXT"		value="Mettre à jour"></property>
        
        <!-- WORKSPACE ERROR MESSAGES -->
        <property name="INVALID_IMAGE_PATH_TITLE"       value="Chemin d'image non valide"></property>
        <property name="INVALID_IMAGE_PATH_MESSAGE"     value="Image non trouvée"></property>
    </property_list>
    <property_options_list>
    </property_options_list>
</properties>